nodeID,H,T,seizoen,methode
1,-3.136,10,geheel jaar,gewogen gemiddelde
1,-3.154,10,alleen zomer,gewogen gemiddelde
1,-3.152,10,alleen zomer,Gumbel fit
1,-3.128,10,geheel jaar,Gumbel fit
1,-3.108,25,geheel jaar,Gumbel fit
1,-3.092,50,geheel jaar,Gumbel fit
1,-3.077,100,geheel jaar,Gumbel fit
126,-5.614,10,geheel jaar,gewogen gemiddelde
126,-5.687,10,alleen zomer,gewogen gemiddelde
126,-5.69,10,alleen zomer,Gumbel fit
126,-5.595,10,geheel jaar,Gumbel fit
126,-5.548,25,geheel jaar,Gumbel fit
126,-5.512,50,geheel jaar,Gumbel fit
126,-5.476,100,geheel jaar,Gumbel fit
11,-5.663,10,geheel jaar,gewogen gemiddelde
11,-5.699,10,alleen zomer,gewogen gemiddelde
11,-5.71,10,alleen zomer,Gumbel fit
11,-5.636,10,geheel jaar,Gumbel fit
11,-5.582,25,geheel jaar,Gumbel fit
11,-5.541,50,geheel jaar,Gumbel fit
11,-5.501,100,geheel jaar,Gumbel fit
8,-5.677,10,geheel jaar,gewogen gemiddelde
8,-5.713,10,alleen zomer,gewogen gemiddelde
8,-5.726,10,alleen zomer,Gumbel fit
8,-5.648,10,geheel jaar,Gumbel fit
8,-5.592,25,geheel jaar,Gumbel fit
8,-5.55,50,geheel jaar,Gumbel fit
8,-5.508,100,geheel jaar,Gumbel fit
14,-5.678,10,geheel jaar,gewogen gemiddelde
14,-5.714,10,alleen zomer,gewogen gemiddelde
14,-5.727,10,alleen zomer,Gumbel fit
14,-5.649,10,geheel jaar,Gumbel fit
14,-5.593,25,geheel jaar,Gumbel fit
14,-5.551,50,geheel jaar,Gumbel fit
14,-5.509,100,geheel jaar,Gumbel fit
823,-5.618,10,geheel jaar,gewogen gemiddelde
823,-5.651,10,alleen zomer,gewogen gemiddelde
823,-5.676,10,alleen zomer,Gumbel fit
823,-5.582,10,geheel jaar,Gumbel fit
823,-5.514,25,geheel jaar,Gumbel fit
823,-5.463,50,geheel jaar,Gumbel fit
823,-5.412,100,geheel jaar,Gumbel fit
93,-3.14,10,geheel jaar,gewogen gemiddelde
93,-3.157,10,alleen zomer,gewogen gemiddelde
93,-3.156,10,alleen zomer,Gumbel fit
93,-3.129,10,geheel jaar,Gumbel fit
93,-3.108,25,geheel jaar,Gumbel fit
93,-3.092,50,geheel jaar,Gumbel fit
93,-3.076,100,geheel jaar,Gumbel fit
26,-5.678,10,geheel jaar,gewogen gemiddelde
26,-5.714,10,alleen zomer,gewogen gemiddelde
26,-5.727,10,alleen zomer,Gumbel fit
26,-5.648,10,geheel jaar,Gumbel fit
26,-5.593,25,geheel jaar,Gumbel fit
26,-5.551,50,geheel jaar,Gumbel fit
26,-5.509,100,geheel jaar,Gumbel fit
72,-5.446,10,geheel jaar,gewogen gemiddelde
72,-5.446,10,alleen zomer,gewogen gemiddelde
72,-5.446,10,alleen zomer,Gumbel fit
72,-5.446,10,geheel jaar,Gumbel fit
72,-5.446,25,geheel jaar,Gumbel fit
72,-5.446,50,geheel jaar,Gumbel fit
72,-5.446,100,geheel jaar,Gumbel fit
6,-5.672,10,geheel jaar,gewogen gemiddelde
6,-5.707,10,alleen zomer,gewogen gemiddelde
6,-5.72,10,alleen zomer,Gumbel fit
6,-5.644,10,geheel jaar,Gumbel fit
6,-5.589,25,geheel jaar,Gumbel fit
6,-5.548,50,geheel jaar,Gumbel fit
6,-5.507,100,geheel jaar,Gumbel fit
141,-5.613,10,geheel jaar,gewogen gemiddelde
141,-5.684,10,alleen zomer,gewogen gemiddelde
141,-5.688,10,alleen zomer,Gumbel fit
141,-5.594,10,geheel jaar,Gumbel fit
141,-5.547,25,geheel jaar,Gumbel fit
141,-5.511,50,geheel jaar,Gumbel fit
141,-5.475,100,geheel jaar,Gumbel fit
53,-5.345,10,geheel jaar,gewogen gemiddelde
53,-5.345,10,alleen zomer,gewogen gemiddelde
53,-5.345,10,alleen zomer,Gumbel fit
53,-5.345,10,geheel jaar,Gumbel fit
53,-5.345,25,geheel jaar,Gumbel fit
53,-5.345,50,geheel jaar,Gumbel fit
53,-5.345,100,geheel jaar,Gumbel fit
39,-5.693,10,geheel jaar,gewogen gemiddelde
39,-5.73,10,alleen zomer,gewogen gemiddelde
39,-5.743,10,alleen zomer,Gumbel fit
39,-5.662,10,geheel jaar,Gumbel fit
39,-5.604,25,geheel jaar,Gumbel fit
39,-5.561,50,geheel jaar,Gumbel fit
39,-5.518,100,geheel jaar,Gumbel fit
303,-5.646,10,geheel jaar,gewogen gemiddelde
303,-5.699,10,alleen zomer,gewogen gemiddelde
303,-5.712,10,alleen zomer,Gumbel fit
303,-5.624,10,geheel jaar,Gumbel fit
303,-5.568,25,geheel jaar,Gumbel fit
303,-5.525,50,geheel jaar,Gumbel fit
303,-5.482,100,geheel jaar,Gumbel fit
44,-5.379,10,geheel jaar,gewogen gemiddelde
44,-5.379,10,alleen zomer,gewogen gemiddelde
44,-5.379,10,alleen zomer,Gumbel fit
44,-5.379,10,geheel jaar,Gumbel fit
44,-5.379,25,geheel jaar,Gumbel fit
44,-5.379,50,geheel jaar,Gumbel fit
44,-5.379,100,geheel jaar,Gumbel fit
CFBerg_IV_o,-5.678,10,geheel jaar,gewogen gemiddelde
CFBerg_IV_o,-5.714,10,alleen zomer,gewogen gemiddelde
CFBerg_IV_o,-5.726,10,alleen zomer,Gumbel fit
CFBerg_IV_o,-5.648,10,geheel jaar,Gumbel fit
CFBerg_IV_o,-5.593,25,geheel jaar,Gumbel fit
CFBerg_IV_o,-5.551,50,geheel jaar,Gumbel fit
CFBerg_IV_o,-5.508,100,geheel jaar,Gumbel fit
1095,-5.634,10,geheel jaar,gewogen gemiddelde
1095,-5.666,10,alleen zomer,gewogen gemiddelde
1095,-5.675,10,alleen zomer,Gumbel fit
1095,-5.62,10,geheel jaar,Gumbel fit
1095,-5.575,25,geheel jaar,Gumbel fit
1095,-5.541,50,geheel jaar,Gumbel fit
1095,-5.507,100,geheel jaar,Gumbel fit
CFBerg_IV_20,-5.03,10,geheel jaar,gewogen gemiddelde
CFBerg_IV_20,-5.058,10,alleen zomer,gewogen gemiddelde
CFBerg_IV_20,-5.052,10,alleen zomer,Gumbel fit
CFBerg_IV_20,-5.027,10,geheel jaar,Gumbel fit
CFBerg_IV_20,-5.01,25,geheel jaar,Gumbel fit
CFBerg_IV_20,-4.996,50,geheel jaar,Gumbel fit
CFBerg_IV_20,-4.983,100,geheel jaar,Gumbel fit
61,-5.636,10,geheel jaar,gewogen gemiddelde
61,-5.694,10,alleen zomer,gewogen gemiddelde
61,-5.705,10,alleen zomer,Gumbel fit
61,-5.617,10,geheel jaar,Gumbel fit
61,-5.564,25,geheel jaar,Gumbel fit
61,-5.524,50,geheel jaar,Gumbel fit
61,-5.484,100,geheel jaar,Gumbel fit
165,-5.666,10,geheel jaar,gewogen gemiddelde
165,-5.701,10,alleen zomer,gewogen gemiddelde
165,-5.719,10,alleen zomer,Gumbel fit
165,-5.643,10,geheel jaar,Gumbel fit
165,-5.586,25,geheel jaar,Gumbel fit
165,-5.543,50,geheel jaar,Gumbel fit
165,-5.5,100,geheel jaar,Gumbel fit
37,-5.678,10,geheel jaar,gewogen gemiddelde
37,-5.714,10,alleen zomer,gewogen gemiddelde
37,-5.727,10,alleen zomer,Gumbel fit
37,-5.648,10,geheel jaar,Gumbel fit
37,-5.593,25,geheel jaar,Gumbel fit
37,-5.551,50,geheel jaar,Gumbel fit
37,-5.508,100,geheel jaar,Gumbel fit
74,-5.592,10,geheel jaar,gewogen gemiddelde
74,-5.679,10,alleen zomer,gewogen gemiddelde
74,-5.665,10,alleen zomer,Gumbel fit
74,-5.581,10,geheel jaar,Gumbel fit
74,-5.535,25,geheel jaar,Gumbel fit
74,-5.5,50,geheel jaar,Gumbel fit
74,-5.465,100,geheel jaar,Gumbel fit
76,-5.127,10,geheel jaar,gewogen gemiddelde
76,-5.13,10,alleen zomer,gewogen gemiddelde
76,-5.132,10,alleen zomer,Gumbel fit
76,-5.124,10,geheel jaar,Gumbel fit
76,-5.116,25,geheel jaar,Gumbel fit
76,-5.11,50,geheel jaar,Gumbel fit
76,-5.104,100,geheel jaar,Gumbel fit
CFBerg_IV_c,-5.684,10,geheel jaar,gewogen gemiddelde
CFBerg_IV_c,-5.72,10,alleen zomer,gewogen gemiddelde
CFBerg_IV_c,-5.733,10,alleen zomer,Gumbel fit
CFBerg_IV_c,-5.654,10,geheel jaar,Gumbel fit
CFBerg_IV_c,-5.597,25,geheel jaar,Gumbel fit
CFBerg_IV_c,-5.555,50,geheel jaar,Gumbel fit
CFBerg_IV_c,-5.512,100,geheel jaar,Gumbel fit
88,-5.691,10,geheel jaar,gewogen gemiddelde
88,-5.728,10,alleen zomer,gewogen gemiddelde
88,-5.741,10,alleen zomer,Gumbel fit
88,-5.66,10,geheel jaar,Gumbel fit
88,-5.603,25,geheel jaar,Gumbel fit
88,-5.559,50,geheel jaar,Gumbel fit
88,-5.516,100,geheel jaar,Gumbel fit
90,-5.641,10,geheel jaar,gewogen gemiddelde
90,-5.681,10,alleen zomer,gewogen gemiddelde
90,-5.693,10,alleen zomer,Gumbel fit
90,-5.614,10,geheel jaar,Gumbel fit
90,-5.56,25,geheel jaar,Gumbel fit
90,-5.52,50,geheel jaar,Gumbel fit
90,-5.479,100,geheel jaar,Gumbel fit
144,-3.139,10,geheel jaar,gewogen gemiddelde
144,-3.156,10,alleen zomer,gewogen gemiddelde
144,-3.155,10,alleen zomer,Gumbel fit
144,-3.128,10,geheel jaar,Gumbel fit
144,-3.107,25,geheel jaar,Gumbel fit
144,-3.091,50,geheel jaar,Gumbel fit
144,-3.075,100,geheel jaar,Gumbel fit
95,-5.693,10,geheel jaar,gewogen gemiddelde
95,-5.73,10,alleen zomer,gewogen gemiddelde
95,-5.743,10,alleen zomer,Gumbel fit
95,-5.662,10,geheel jaar,Gumbel fit
95,-5.604,25,geheel jaar,Gumbel fit
95,-5.561,50,geheel jaar,Gumbel fit
95,-5.517,100,geheel jaar,Gumbel fit
100,-5.683,10,geheel jaar,gewogen gemiddelde
100,-5.719,10,alleen zomer,gewogen gemiddelde
100,-5.733,10,alleen zomer,Gumbel fit
100,-5.653,10,geheel jaar,Gumbel fit
100,-5.597,25,geheel jaar,Gumbel fit
100,-5.554,50,geheel jaar,Gumbel fit
100,-5.512,100,geheel jaar,Gumbel fit
488,-5.686,10,geheel jaar,gewogen gemiddelde
488,-5.722,10,alleen zomer,gewogen gemiddelde
488,-5.735,10,alleen zomer,Gumbel fit
488,-5.656,10,geheel jaar,Gumbel fit
488,-5.599,25,geheel jaar,Gumbel fit
488,-5.556,50,geheel jaar,Gumbel fit
488,-5.513,100,geheel jaar,Gumbel fit
38,-5.617,10,geheel jaar,gewogen gemiddelde
38,-5.698,10,alleen zomer,gewogen gemiddelde
38,-5.697,10,alleen zomer,Gumbel fit
38,-5.6,10,geheel jaar,Gumbel fit
38,-5.552,25,geheel jaar,Gumbel fit
38,-5.515,50,geheel jaar,Gumbel fit
38,-5.478,100,geheel jaar,Gumbel fit
166,-5.183,10,geheel jaar,gewogen gemiddelde
166,-5.198,10,alleen zomer,gewogen gemiddelde
166,-5.193,10,alleen zomer,Gumbel fit
166,-5.182,10,geheel jaar,Gumbel fit
166,-5.17,25,geheel jaar,Gumbel fit
166,-5.161,50,geheel jaar,Gumbel fit
166,-5.152,100,geheel jaar,Gumbel fit
163,-5.139,10,geheel jaar,gewogen gemiddelde
163,-5.139,10,alleen zomer,gewogen gemiddelde
163,-5.139,10,alleen zomer,Gumbel fit
163,-5.139,10,geheel jaar,Gumbel fit
163,-5.139,25,geheel jaar,Gumbel fit
163,-5.139,50,geheel jaar,Gumbel fit
163,-5.139,100,geheel jaar,Gumbel fit
34,-5.613,10,geheel jaar,gewogen gemiddelde
34,-5.684,10,alleen zomer,gewogen gemiddelde
34,-5.688,10,alleen zomer,Gumbel fit
34,-5.594,10,geheel jaar,Gumbel fit
34,-5.547,25,geheel jaar,Gumbel fit
34,-5.511,50,geheel jaar,Gumbel fit
34,-5.476,100,geheel jaar,Gumbel fit
133,-5.581,10,geheel jaar,gewogen gemiddelde
133,-5.588,10,alleen zomer,gewogen gemiddelde
133,-5.61,10,alleen zomer,Gumbel fit
133,-5.578,10,geheel jaar,Gumbel fit
133,-5.532,25,geheel jaar,Gumbel fit
133,-5.497,50,geheel jaar,Gumbel fit
133,-5.462,100,geheel jaar,Gumbel fit
45,-5.678,10,geheel jaar,gewogen gemiddelde
45,-5.713,10,alleen zomer,gewogen gemiddelde
45,-5.726,10,alleen zomer,Gumbel fit
45,-5.648,10,geheel jaar,Gumbel fit
45,-5.593,25,geheel jaar,Gumbel fit
45,-5.55,50,geheel jaar,Gumbel fit
45,-5.508,100,geheel jaar,Gumbel fit
46,-5.678,10,geheel jaar,gewogen gemiddelde
46,-5.714,10,alleen zomer,gewogen gemiddelde
46,-5.726,10,alleen zomer,Gumbel fit
46,-5.648,10,geheel jaar,Gumbel fit
46,-5.593,25,geheel jaar,Gumbel fit
46,-5.551,50,geheel jaar,Gumbel fit
46,-5.508,100,geheel jaar,Gumbel fit
137,-5.677,10,geheel jaar,gewogen gemiddelde
137,-5.713,10,alleen zomer,gewogen gemiddelde
137,-5.726,10,alleen zomer,Gumbel fit
137,-5.648,10,geheel jaar,Gumbel fit
137,-5.592,25,geheel jaar,Gumbel fit
137,-5.55,50,geheel jaar,Gumbel fit
137,-5.508,100,geheel jaar,Gumbel fit
155,-5.684,10,geheel jaar,gewogen gemiddelde
155,-5.72,10,alleen zomer,gewogen gemiddelde
155,-5.733,10,alleen zomer,Gumbel fit
155,-5.654,10,geheel jaar,Gumbel fit
155,-5.597,25,geheel jaar,Gumbel fit
155,-5.554,50,geheel jaar,Gumbel fit
155,-5.511,100,geheel jaar,Gumbel fit
257,-5.644,10,geheel jaar,gewogen gemiddelde
257,-5.667,10,alleen zomer,gewogen gemiddelde
257,-5.681,10,alleen zomer,Gumbel fit
257,-5.622,10,geheel jaar,Gumbel fit
257,-5.573,25,geheel jaar,Gumbel fit
257,-5.536,50,geheel jaar,Gumbel fit
257,-5.5,100,geheel jaar,Gumbel fit
CFBerg_I_c,-3.041,10,geheel jaar,gewogen gemiddelde
CFBerg_I_c,-3.063,10,alleen zomer,gewogen gemiddelde
CFBerg_I_c,-3.062,10,alleen zomer,Gumbel fit
CFBerg_I_c,-3.031,10,geheel jaar,Gumbel fit
CFBerg_I_c,-3.009,25,geheel jaar,Gumbel fit
CFBerg_I_c,-2.993,50,geheel jaar,Gumbel fit
CFBerg_I_c,-2.977,100,geheel jaar,Gumbel fit
CFBerg_IV_h,-5.683,10,geheel jaar,gewogen gemiddelde
CFBerg_IV_h,-5.719,10,alleen zomer,gewogen gemiddelde
CFBerg_IV_h,-5.733,10,alleen zomer,Gumbel fit
CFBerg_IV_h,-5.653,10,geheel jaar,Gumbel fit
CFBerg_IV_h,-5.597,25,geheel jaar,Gumbel fit
CFBerg_IV_h,-5.554,50,geheel jaar,Gumbel fit
CFBerg_IV_h,-5.512,100,geheel jaar,Gumbel fit
187,-3.731,10,geheel jaar,gewogen gemiddelde
187,-3.863,10,alleen zomer,gewogen gemiddelde
187,-3.802,10,alleen zomer,Gumbel fit
187,-3.705,10,geheel jaar,Gumbel fit
187,-3.622,25,geheel jaar,Gumbel fit
187,-3.559,50,geheel jaar,Gumbel fit
187,-3.496,100,geheel jaar,Gumbel fit
151,-5.639,10,geheel jaar,gewogen gemiddelde
151,-5.679,10,alleen zomer,gewogen gemiddelde
151,-5.691,10,alleen zomer,Gumbel fit
151,-5.613,10,geheel jaar,Gumbel fit
151,-5.559,25,geheel jaar,Gumbel fit
151,-5.519,50,geheel jaar,Gumbel fit
151,-5.479,100,geheel jaar,Gumbel fit
198,-5.639,10,geheel jaar,gewogen gemiddelde
198,-5.679,10,alleen zomer,gewogen gemiddelde
198,-5.691,10,alleen zomer,Gumbel fit
198,-5.613,10,geheel jaar,Gumbel fit
198,-5.56,25,geheel jaar,Gumbel fit
198,-5.519,50,geheel jaar,Gumbel fit
198,-5.479,100,geheel jaar,Gumbel fit
134,-3.137,10,geheel jaar,gewogen gemiddelde
134,-3.155,10,alleen zomer,gewogen gemiddelde
134,-3.153,10,alleen zomer,Gumbel fit
134,-3.128,10,geheel jaar,Gumbel fit
134,-3.107,25,geheel jaar,Gumbel fit
134,-3.091,50,geheel jaar,Gumbel fit
134,-3.076,100,geheel jaar,Gumbel fit
206,-5.689,10,geheel jaar,gewogen gemiddelde
206,-5.725,10,alleen zomer,gewogen gemiddelde
206,-5.738,10,alleen zomer,Gumbel fit
206,-5.658,10,geheel jaar,Gumbel fit
206,-5.601,25,geheel jaar,Gumbel fit
206,-5.558,50,geheel jaar,Gumbel fit
206,-5.515,100,geheel jaar,Gumbel fit
209,-5.678,10,geheel jaar,gewogen gemiddelde
209,-5.714,10,alleen zomer,gewogen gemiddelde
209,-5.727,10,alleen zomer,Gumbel fit
209,-5.648,10,geheel jaar,Gumbel fit
209,-5.593,25,geheel jaar,Gumbel fit
209,-5.551,50,geheel jaar,Gumbel fit
209,-5.508,100,geheel jaar,Gumbel fit
215,-5.684,10,geheel jaar,gewogen gemiddelde
215,-5.72,10,alleen zomer,gewogen gemiddelde
215,-5.733,10,alleen zomer,Gumbel fit
215,-5.654,10,geheel jaar,Gumbel fit
215,-5.597,25,geheel jaar,Gumbel fit
215,-5.555,50,geheel jaar,Gumbel fit
215,-5.512,100,geheel jaar,Gumbel fit
220,-5.684,10,geheel jaar,gewogen gemiddelde
220,-5.72,10,alleen zomer,gewogen gemiddelde
220,-5.733,10,alleen zomer,Gumbel fit
220,-5.654,10,geheel jaar,Gumbel fit
220,-5.597,25,geheel jaar,Gumbel fit
220,-5.555,50,geheel jaar,Gumbel fit
220,-5.512,100,geheel jaar,Gumbel fit
110,-5.684,10,geheel jaar,gewogen gemiddelde
110,-5.72,10,alleen zomer,gewogen gemiddelde
110,-5.733,10,alleen zomer,Gumbel fit
110,-5.654,10,geheel jaar,Gumbel fit
110,-5.597,25,geheel jaar,Gumbel fit
110,-5.555,50,geheel jaar,Gumbel fit
110,-5.512,100,geheel jaar,Gumbel fit
CFBerg_IV_b,-5.849,10,geheel jaar,gewogen gemiddelde
CFBerg_IV_b,-5.922,10,alleen zomer,gewogen gemiddelde
CFBerg_IV_b,-5.884,10,alleen zomer,Gumbel fit
CFBerg_IV_b,-5.86,10,geheel jaar,Gumbel fit
CFBerg_IV_b,-5.822,25,geheel jaar,Gumbel fit
CFBerg_IV_b,-5.793,50,geheel jaar,Gumbel fit
CFBerg_IV_b,-5.764,100,geheel jaar,Gumbel fit
135,-3.136,10,geheel jaar,gewogen gemiddelde
135,-3.155,10,alleen zomer,gewogen gemiddelde
135,-3.153,10,alleen zomer,Gumbel fit
135,-3.128,10,geheel jaar,Gumbel fit
135,-3.107,25,geheel jaar,Gumbel fit
135,-3.091,50,geheel jaar,Gumbel fit
135,-3.075,100,geheel jaar,Gumbel fit
243,-5.639,10,geheel jaar,gewogen gemiddelde
243,-5.679,10,alleen zomer,gewogen gemiddelde
243,-5.691,10,alleen zomer,Gumbel fit
243,-5.612,10,geheel jaar,Gumbel fit
243,-5.559,25,geheel jaar,Gumbel fit
243,-5.519,50,geheel jaar,Gumbel fit
243,-5.479,100,geheel jaar,Gumbel fit
149,-5.643,10,geheel jaar,gewogen gemiddelde
149,-5.679,10,alleen zomer,gewogen gemiddelde
149,-5.693,10,alleen zomer,Gumbel fit
149,-5.619,10,geheel jaar,Gumbel fit
149,-5.568,25,geheel jaar,Gumbel fit
149,-5.529,50,geheel jaar,Gumbel fit
149,-5.49,100,geheel jaar,Gumbel fit
CFBerg_IV_i,-5.639,10,geheel jaar,gewogen gemiddelde
CFBerg_IV_i,-5.679,10,alleen zomer,gewogen gemiddelde
CFBerg_IV_i,-5.691,10,alleen zomer,Gumbel fit
CFBerg_IV_i,-5.613,10,geheel jaar,Gumbel fit
CFBerg_IV_i,-5.559,25,geheel jaar,Gumbel fit
CFBerg_IV_i,-5.519,50,geheel jaar,Gumbel fit
CFBerg_IV_i,-5.479,100,geheel jaar,Gumbel fit
29,-5.678,10,geheel jaar,gewogen gemiddelde
29,-5.714,10,alleen zomer,gewogen gemiddelde
29,-5.726,10,alleen zomer,Gumbel fit
29,-5.648,10,geheel jaar,Gumbel fit
29,-5.593,25,geheel jaar,Gumbel fit
29,-5.551,50,geheel jaar,Gumbel fit
29,-5.508,100,geheel jaar,Gumbel fit
17,-5.678,10,geheel jaar,gewogen gemiddelde
17,-5.714,10,alleen zomer,gewogen gemiddelde
17,-5.727,10,alleen zomer,Gumbel fit
17,-5.649,10,geheel jaar,Gumbel fit
17,-5.593,25,geheel jaar,Gumbel fit
17,-5.551,50,geheel jaar,Gumbel fit
17,-5.509,100,geheel jaar,Gumbel fit
258,-5.128,10,geheel jaar,gewogen gemiddelde
258,-5.134,10,alleen zomer,gewogen gemiddelde
258,-5.132,10,alleen zomer,Gumbel fit
258,-5.125,10,geheel jaar,Gumbel fit
258,-5.119,25,geheel jaar,Gumbel fit
258,-5.114,50,geheel jaar,Gumbel fit
258,-5.11,100,geheel jaar,Gumbel fit
1098,-5.683,10,geheel jaar,gewogen gemiddelde
1098,-5.719,10,alleen zomer,gewogen gemiddelde
1098,-5.733,10,alleen zomer,Gumbel fit
1098,-5.653,10,geheel jaar,Gumbel fit
1098,-5.597,25,geheel jaar,Gumbel fit
1098,-5.554,50,geheel jaar,Gumbel fit
1098,-5.512,100,geheel jaar,Gumbel fit
101,-5.69,10,geheel jaar,gewogen gemiddelde
101,-5.727,10,alleen zomer,gewogen gemiddelde
101,-5.74,10,alleen zomer,Gumbel fit
101,-5.66,10,geheel jaar,Gumbel fit
101,-5.603,25,geheel jaar,Gumbel fit
101,-5.559,50,geheel jaar,Gumbel fit
101,-5.516,100,geheel jaar,Gumbel fit
105,-5.69,10,geheel jaar,gewogen gemiddelde
105,-5.727,10,alleen zomer,gewogen gemiddelde
105,-5.74,10,alleen zomer,Gumbel fit
105,-5.659,10,geheel jaar,Gumbel fit
105,-5.602,25,geheel jaar,Gumbel fit
105,-5.559,50,geheel jaar,Gumbel fit
105,-5.516,100,geheel jaar,Gumbel fit
121,-5.638,10,geheel jaar,gewogen gemiddelde
121,-5.725,10,alleen zomer,gewogen gemiddelde
121,-5.724,10,alleen zomer,Gumbel fit
121,-5.62,10,geheel jaar,Gumbel fit
121,-5.569,25,geheel jaar,Gumbel fit
121,-5.53,50,geheel jaar,Gumbel fit
121,-5.491,100,geheel jaar,Gumbel fit
274,-5.345,10,geheel jaar,gewogen gemiddelde
274,-5.345,10,alleen zomer,gewogen gemiddelde
274,-5.345,10,alleen zomer,Gumbel fit
274,-5.345,10,geheel jaar,Gumbel fit
274,-5.345,25,geheel jaar,Gumbel fit
274,-5.345,50,geheel jaar,Gumbel fit
274,-5.345,100,geheel jaar,Gumbel fit
277,-5.446,10,geheel jaar,gewogen gemiddelde
277,-5.446,10,alleen zomer,gewogen gemiddelde
277,-5.446,10,alleen zomer,Gumbel fit
277,-5.446,10,geheel jaar,Gumbel fit
277,-5.446,25,geheel jaar,Gumbel fit
277,-5.446,50,geheel jaar,Gumbel fit
277,-5.446,100,geheel jaar,Gumbel fit
114,-5.692,10,geheel jaar,gewogen gemiddelde
114,-5.73,10,alleen zomer,gewogen gemiddelde
114,-5.743,10,alleen zomer,Gumbel fit
114,-5.661,10,geheel jaar,Gumbel fit
114,-5.604,25,geheel jaar,Gumbel fit
114,-5.561,50,geheel jaar,Gumbel fit
114,-5.517,100,geheel jaar,Gumbel fit
83,-5.692,10,geheel jaar,gewogen gemiddelde
83,-5.73,10,alleen zomer,gewogen gemiddelde
83,-5.743,10,alleen zomer,Gumbel fit
83,-5.661,10,geheel jaar,Gumbel fit
83,-5.604,25,geheel jaar,Gumbel fit
83,-5.561,50,geheel jaar,Gumbel fit
83,-5.517,100,geheel jaar,Gumbel fit
711,-5.676,10,geheel jaar,gewogen gemiddelde
711,-5.71,10,alleen zomer,gewogen gemiddelde
711,-5.723,10,alleen zomer,Gumbel fit
711,-5.65,10,geheel jaar,Gumbel fit
711,-5.595,25,geheel jaar,Gumbel fit
711,-5.554,50,geheel jaar,Gumbel fit
711,-5.513,100,geheel jaar,Gumbel fit
285,-5.635,10,geheel jaar,gewogen gemiddelde
285,-5.666,10,alleen zomer,gewogen gemiddelde
285,-5.676,10,alleen zomer,Gumbel fit
285,-5.622,10,geheel jaar,Gumbel fit
285,-5.577,25,geheel jaar,Gumbel fit
285,-5.542,50,geheel jaar,Gumbel fit
285,-5.508,100,geheel jaar,Gumbel fit
287,-5.635,10,geheel jaar,gewogen gemiddelde
287,-5.666,10,alleen zomer,gewogen gemiddelde
287,-5.676,10,alleen zomer,Gumbel fit
287,-5.622,10,geheel jaar,Gumbel fit
287,-5.577,25,geheel jaar,Gumbel fit
287,-5.542,50,geheel jaar,Gumbel fit
287,-5.508,100,geheel jaar,Gumbel fit
92,-3.019,10,geheel jaar,gewogen gemiddelde
92,-3.044,10,alleen zomer,gewogen gemiddelde
92,-3.044,10,alleen zomer,Gumbel fit
92,-3.005,10,geheel jaar,Gumbel fit
92,-2.979,25,geheel jaar,Gumbel fit
92,-2.96,50,geheel jaar,Gumbel fit
92,-2.94,100,geheel jaar,Gumbel fit
rp41,-5.427,10,geheel jaar,gewogen gemiddelde
rp41,-5.493,10,alleen zomer,gewogen gemiddelde
rp41,-5.468,10,alleen zomer,Gumbel fit
rp41,-5.394,10,geheel jaar,Gumbel fit
rp41,-5.349,25,geheel jaar,Gumbel fit
rp41,-5.315,50,geheel jaar,Gumbel fit
rp41,-5.28,100,geheel jaar,Gumbel fit
294,-3.135,10,geheel jaar,gewogen gemiddelde
294,-3.153,10,alleen zomer,gewogen gemiddelde
294,-3.151,10,alleen zomer,Gumbel fit
294,-3.127,10,geheel jaar,Gumbel fit
294,-3.106,25,geheel jaar,Gumbel fit
294,-3.09,50,geheel jaar,Gumbel fit
294,-3.074,100,geheel jaar,Gumbel fit
298,-5.693,10,geheel jaar,gewogen gemiddelde
298,-5.73,10,alleen zomer,gewogen gemiddelde
298,-5.743,10,alleen zomer,Gumbel fit
298,-5.662,10,geheel jaar,Gumbel fit
298,-5.604,25,geheel jaar,Gumbel fit
298,-5.561,50,geheel jaar,Gumbel fit
298,-5.518,100,geheel jaar,Gumbel fit
541,-5.683,10,geheel jaar,gewogen gemiddelde
541,-5.719,10,alleen zomer,gewogen gemiddelde
541,-5.733,10,alleen zomer,Gumbel fit
541,-5.653,10,geheel jaar,Gumbel fit
541,-5.597,25,geheel jaar,Gumbel fit
541,-5.554,50,geheel jaar,Gumbel fit
541,-5.512,100,geheel jaar,Gumbel fit
310,-5.672,10,geheel jaar,gewogen gemiddelde
310,-5.707,10,alleen zomer,gewogen gemiddelde
310,-5.72,10,alleen zomer,Gumbel fit
310,-5.644,10,geheel jaar,Gumbel fit
310,-5.589,25,geheel jaar,Gumbel fit
310,-5.548,50,geheel jaar,Gumbel fit
310,-5.507,100,geheel jaar,Gumbel fit
CFBerg_IV_u,-5.238,10,geheel jaar,gewogen gemiddelde
CFBerg_IV_u,-5.246,10,alleen zomer,gewogen gemiddelde
CFBerg_IV_u,-5.249,10,alleen zomer,Gumbel fit
CFBerg_IV_u,-5.229,10,geheel jaar,Gumbel fit
CFBerg_IV_u,-5.207,25,geheel jaar,Gumbel fit
CFBerg_IV_u,-5.191,50,geheel jaar,Gumbel fit
CFBerg_IV_u,-5.175,100,geheel jaar,Gumbel fit
158,-5.264,10,geheel jaar,gewogen gemiddelde
158,-5.269,10,alleen zomer,gewogen gemiddelde
158,-5.27,10,alleen zomer,Gumbel fit
158,-5.262,10,geheel jaar,Gumbel fit
158,-5.255,25,geheel jaar,Gumbel fit
158,-5.25,50,geheel jaar,Gumbel fit
158,-5.245,100,geheel jaar,Gumbel fit
318,-5.683,10,geheel jaar,gewogen gemiddelde
318,-5.72,10,alleen zomer,gewogen gemiddelde
318,-5.733,10,alleen zomer,Gumbel fit
318,-5.654,10,geheel jaar,Gumbel fit
318,-5.597,25,geheel jaar,Gumbel fit
318,-5.554,50,geheel jaar,Gumbel fit
318,-5.512,100,geheel jaar,Gumbel fit
325,-5.633,10,geheel jaar,gewogen gemiddelde
325,-5.666,10,alleen zomer,gewogen gemiddelde
325,-5.675,10,alleen zomer,Gumbel fit
325,-5.619,10,geheel jaar,Gumbel fit
325,-5.574,25,geheel jaar,Gumbel fit
325,-5.54,50,geheel jaar,Gumbel fit
325,-5.505,100,geheel jaar,Gumbel fit
103,-5.688,10,geheel jaar,gewogen gemiddelde
103,-5.725,10,alleen zomer,gewogen gemiddelde
103,-5.738,10,alleen zomer,Gumbel fit
103,-5.658,10,geheel jaar,Gumbel fit
103,-5.601,25,geheel jaar,Gumbel fit
103,-5.558,50,geheel jaar,Gumbel fit
103,-5.515,100,geheel jaar,Gumbel fit
112,-5.685,10,geheel jaar,gewogen gemiddelde
112,-5.721,10,alleen zomer,gewogen gemiddelde
112,-5.734,10,alleen zomer,Gumbel fit
112,-5.655,10,geheel jaar,Gumbel fit
112,-5.599,25,geheel jaar,Gumbel fit
112,-5.556,50,geheel jaar,Gumbel fit
112,-5.513,100,geheel jaar,Gumbel fit
CFBerg_IV_5,-5.501,10,geheel jaar,gewogen gemiddelde
CFBerg_IV_5,-5.504,10,alleen zomer,gewogen gemiddelde
CFBerg_IV_5,-5.505,10,alleen zomer,Gumbel fit
CFBerg_IV_5,-5.502,10,geheel jaar,Gumbel fit
CFBerg_IV_5,-5.497,25,geheel jaar,Gumbel fit
CFBerg_IV_5,-5.494,50,geheel jaar,Gumbel fit
CFBerg_IV_5,-5.49,100,geheel jaar,Gumbel fit
344,-5.126,10,geheel jaar,gewogen gemiddelde
344,-5.126,10,alleen zomer,gewogen gemiddelde
344,-5.126,10,alleen zomer,Gumbel fit
344,-5.126,10,geheel jaar,Gumbel fit
344,-5.126,25,geheel jaar,Gumbel fit
344,-5.126,50,geheel jaar,Gumbel fit
344,-5.126,100,geheel jaar,Gumbel fit
309,-5.645,10,geheel jaar,gewogen gemiddelde
309,-5.736,10,alleen zomer,gewogen gemiddelde
309,-5.735,10,alleen zomer,Gumbel fit
309,-5.627,10,geheel jaar,Gumbel fit
309,-5.574,25,geheel jaar,Gumbel fit
309,-5.535,50,geheel jaar,Gumbel fit
309,-5.495,100,geheel jaar,Gumbel fit
71,-5.446,10,geheel jaar,gewogen gemiddelde
71,-5.446,10,alleen zomer,gewogen gemiddelde
71,-5.446,10,alleen zomer,Gumbel fit
71,-5.446,10,geheel jaar,Gumbel fit
71,-5.446,25,geheel jaar,Gumbel fit
71,-5.446,50,geheel jaar,Gumbel fit
71,-5.446,100,geheel jaar,Gumbel fit
